"Status","Start Time","Stop Time","Duration in ms","Parent Suite","Suite","Sub Suite","Test Class","Test Method","Name","Description"
"failed","Fri Feb 05 17:19:24 CST 2021","Fri Feb 05 17:19:24 CST 2021","0","","test_calc_case","TestCalc","","","test_mul[failed]","
        get_calc实例化计算器类
        get_mul_datas:获取测试数据
        "
"passed","Fri Feb 05 17:19:24 CST 2021","Fri Feb 05 17:19:24 CST 2021","0","","test_calc_case","TestCalc","","","test_add[minus]","
        get_calc实例化计算器类
        get_add_datas:获取测试数据
        "
"passed","Fri Feb 05 17:19:24 CST 2021","Fri Feb 05 17:19:24 CST 2021","0","","test_calc_case","TestCalc","","","test_sub[minus]","
        get_calc实例化计算器类
        get_sub_datas:获取测试数据
        "
"passed","Fri Feb 05 17:19:24 CST 2021","Fri Feb 05 17:19:24 CST 2021","0","","test_calc_case","TestCalc","","","test_add[int]","
        get_calc实例化计算器类
        get_add_datas:获取测试数据
        "
"passed","Fri Feb 05 17:19:24 CST 2021","Fri Feb 05 17:19:24 CST 2021","0","","test_calc_case","TestCalc","","","test_mul[int]","
        get_calc实例化计算器类
        get_mul_datas:获取测试数据
        "
"passed","Fri Feb 05 17:19:24 CST 2021","Fri Feb 05 17:19:24 CST 2021","2","","test_calc_case","TestCalc","","","test_div[float]","
        get_calc实例化计算器类
        get_div_datas:获取测试数据
        "
"passed","Fri Feb 05 17:19:24 CST 2021","Fri Feb 05 17:19:24 CST 2021","0","","test_calc_case","TestCalc","","","test_sub[int]","
        get_calc实例化计算器类
        get_sub_datas:获取测试数据
        "
"passed","Fri Feb 05 17:19:24 CST 2021","Fri Feb 05 17:19:24 CST 2021","0","","test_calc_case","TestCalc","","","test_mul[bigint]","
        get_calc实例化计算器类
        get_mul_datas:获取测试数据
        "
"passed","Fri Feb 05 17:19:24 CST 2021","Fri Feb 05 17:19:24 CST 2021","0","","test_calc_case","TestCalc","","","test_mul[minus]","
        get_calc实例化计算器类
        get_mul_datas:获取测试数据
        "
"failed","Fri Feb 05 17:19:24 CST 2021","Fri Feb 05 17:19:24 CST 2021","0","","test_calc_case","TestCalc","","","test_div[failed]","
        get_calc实例化计算器类
        get_div_datas:获取测试数据
        "
"passed","Fri Feb 05 17:19:24 CST 2021","Fri Feb 05 17:19:24 CST 2021","0","","test_calc_case","TestCalc","","","test_div[bigint]","
        get_calc实例化计算器类
        get_div_datas:获取测试数据
        "
"failed","Fri Feb 05 17:19:24 CST 2021","Fri Feb 05 17:19:24 CST 2021","1","","test_calc_case","TestCalc","","","test_sub[failed]","
        get_calc实例化计算器类
        get_sub_datas:获取测试数据
        "
"passed","Fri Feb 05 17:19:24 CST 2021","Fri Feb 05 17:19:24 CST 2021","1","","test_calc_case","TestCalc","","","test_sub[bigint]","
        get_calc实例化计算器类
        get_sub_datas:获取测试数据
        "
"passed","Fri Feb 05 17:19:24 CST 2021","Fri Feb 05 17:19:24 CST 2021","1","","test_calc_case","TestCalc","","","test_div[minus]","
        get_calc实例化计算器类
        get_div_datas:获取测试数据
        "
"passed","Fri Feb 05 17:19:24 CST 2021","Fri Feb 05 17:19:24 CST 2021","0","","test_calc_case","TestCalc","","","test_mul[float]","
        get_calc实例化计算器类
        get_mul_datas:获取测试数据
        "
"passed","Fri Feb 05 17:19:24 CST 2021","Fri Feb 05 17:19:24 CST 2021","1","","test_calc_case","TestCalc","","","test_add[bigint]","
        get_calc实例化计算器类
        get_add_datas:获取测试数据
        "
"passed","Fri Feb 05 17:19:24 CST 2021","Fri Feb 05 17:19:24 CST 2021","1","","test_calc_case","TestCalc","","","test_div[int]","
        get_calc实例化计算器类
        get_div_datas:获取测试数据
        "
"passed","Fri Feb 05 17:19:24 CST 2021","Fri Feb 05 17:19:24 CST 2021","1","","test_calc_case","TestCalc","","","test_add[float]","
        get_calc实例化计算器类
        get_add_datas:获取测试数据
        "
"failed","Fri Feb 05 17:19:24 CST 2021","Fri Feb 05 17:19:24 CST 2021","1","","test_calc_case","TestCalc","","","test_add[failed]","
        get_calc实例化计算器类
        get_add_datas:获取测试数据
        "
"passed","Fri Feb 05 17:19:24 CST 2021","Fri Feb 05 17:19:24 CST 2021","0","","test_calc_case","TestCalc","","","test_sub[float]","
        get_calc实例化计算器类
        get_sub_datas:获取测试数据
        "
